{"mean": [0.32513297872340424, 54.8482773730177, 0.08949468085106382, 0.047872340425531915, 0.7216755319148936, 1.966090425531915, 0.392686170212766, 120.0371159192765, 29.42852728077424, 1.3163563829787235], "var": [0.21942152486985061, 496.5359240828256, 0.08148538295043008, 0.0455805794477139, 0.20085995855024896, 0.9582916301210955, 0.23848374193639654, 3143.845924654408, 47.247345268682515, 0.8902111921401086], "scale": [0.4684245135236313, 22.283086053839707, 0.285456446678701, 0.21349608766371786, 0.44817402708127674, 0.9789237100617676, 0.4883479721841758, 56.07000913727773, 6.873670436432235, 0.9435100381766527]}